{
  "name": "techno4-framework-react",
  "version": "0.1.0",
  "description": "Build full featured iOS & Android apps using techno4 & React",
  "type": "module",
  "exports": {
    ".": "./techno4-react.js",
    "./components/*": "./components/*",
    "./shared/*": "./shared/*"
  },
  "typings": "techno4-react.d.ts",
  "sideEffects": false,
  "repository": {
    "type": "git",
    "url": "https://terminal.techno4.online/T4Public/techno4-framework.git"
  },
  "keywords": [
    "react",
    "reactjs",
    "mobile",
    "framework",
    "techno4",
    "cordova",
    "ios",
    "iphone",
    "ipad",
    "apple",
    "phonegap",
    "capacitor",
    "native",
    "touch",
    "appstore",
    "app",
    "f7",
    "material",
    "android",
    "google",
    "googleplay"
  ],
  "author": "Techno4",
  "license": "MIT",
  "bugs": {
    "url": "https://#"
  },
  "homepage": "https://techno4.online",
  "funding": {
    "type": "patreon",
    "url": "https://#"
  }
}